[
  {
    "name": "Австралия",
    "region": "острова"
  },
  {
    "name": "Австрия",
    "region": "европа"
  },
  {
    "name": "Азербайджан",
    "region": "азия"
  },
  {
    "name": "Албания",
    "region": "европа"
  },
  {
    "name": "Алжир",
    "region": "азия"
  },
  {
    "name": "Ангола",
    "region": "азия"
  },
  {
    "name": "Андорра",
    "region": "европа"
  },
  {
    "name": "Антигуа и Барбуда",
    "region": "острова"
  },
  {
    "name": "Аргентина",
    "region": "америка"
  },
  {
    "name": "Армения",
    "region": "азия"
  },
  {
    "name": "Афганистан",
    "region": "азия"
  },
  {
    "name": "Багамские Острова",
    "region": "острова"
  },
  {
    "name": "Бангладеш",
    "region": "азия"
  },
  {
    "name": "Барбадос",
    "region": "острова"
  },
  {
    "name": "Бахрейн",
    "region": "азия"
  },
  {
    "name": "Белоруссия",
    "region": "европа"
  },
  {
    "name": "Бельгия",
    "region": "европа"
  },
  {
    "name": "Бенин",
    "region": "азия"
  },
  {
    "name": "Болгария",
    "region": "европа"
  },
  {
    "name": "Боливия",
    "region": "америка"
  },
  {
    "name": "Босния и Герцеговина",
    "region": "европа"
  },
  {
    "name": "Ботсвана",
    "region": "азия"
  },
  {
    "name": "Бразилия",
    "region": "америка"
  },
  {
    "name": "Бруней",
    "region": "азия"
  },
  {
    "name": "Буркина-Фасо",
    "region": "азия"
  },
  {
    "name": "Бурунди",
    "region": "азия"
  },
  {
    "name": "Бутан",
    "region": "азия"
  },
  {
    "name": "Вануату",
    "region": "острова"
  },
  {
    "name": "Великобритания",
    "region": "европа"
  },
  {
    "name": "Венгрия",
    "region": "европа"
  },
  {
    "name": "Венесуэла",
    "region": "америка"
  },
  {
    "name": "Вьетнам",
    "region": "азия"
  },
  {
    "name": "Габон",
    "region": "азия"
  },
  {
    "name": "Гаити",
    "region": "острова"
  },
  {
    "name": "Гайана",
    "region": "америка"
  },
  {
    "name": "Гамбия",
    "region": "азия"
  },
  {
    "name": "Гана",
    "region": "азия"
  },
  {
    "name": "Гватемала",
    "region": "америка"
  },
  {
    "name": "Гвинея",
    "region": "азия"
  },
  {
    "name": "Гвинея-Бисау",
    "region": "азия"
  },
  {
    "name": "Германия",
    "region": "европа"
  },
  {
    "name": "Гондурас",
    "region": "америка"
  },
  {
    "name": "Гренада",
    "region": "острова"
  },
  {
    "name": "Греция",
    "region": "европа"
  },
  {
    "name": "Грузия",
    "region": "азия"
  },
  {
    "name": "Дания",
    "region": "европа"
  },
  {
    "name": "Джибути",
    "region": "азия"
  },
  {
    "name": "Доминика",
    "region": "острова"
  },
  {
    "name": "Доминикана",
    "region": "острова"
  },
  {
    "name": "Египет",
    "region": "азия"
  },
  {
    "name": "Замбия",
    "region": "азия"
  },
  {
    "name": "Зимбабве",
    "region": "азия"
  },
  {
    "name": "Израиль",
    "region": "азия"
  },
  {
    "name": "Индия",
    "region": "азия"
  },
  {
    "name": "Индонезия",
    "region": "азия"
  },
  {
    "name": "Иордания",
    "region": "азия"
  },
  {
    "name": "Ирак",
    "region": "азия"
  },
  {
    "name": "Иран",
    "region": "азия"
  },
  {
    "name": "Ирландия",
    "region": "европа"
  },
  {
    "name": "Исландия",
    "region": "европа"
  },
  {
    "name": "Испания",
    "region": "европа"
  },
  {
    "name": "Италия",
    "region": "европа"
  },
  {
    "name": "Кабо-Верде",
    "region": "острова"
  },
  {
    "name": "Казахстан",
    "region": "азия"
  },
  {
    "name": "Камбоджа",
    "region": "азия"
  },
  {
    "name": "Камерун",
    "region": "азия"
  },
  {
    "name": "Канада",
    "region": "америка"
  },
  {
    "name": "Катар",
    "region": "азия"
  },
  {
    "name": "Кения",
    "region": "азия"
  },
  {
    "name": "Кипр",
    "region": "острова"
  },
  {
    "name": "Киргизия",
    "region": "азия"
  },
  {
    "name": "Кирибати",
    "region": "острова"
  },
  {
    "name": "Китай",
    "region": "азия"
  },
  {
    "name": "Колумбия",
    "region": "америка"
  },
  {
    "name": "Коморы",
    "region": "острова"
  },
  {
    "name": "Конго",
    "region": "азия"
  },
  {
    "name": "Корея Северная",
    "region": "азия"
  },
  {
    "name": "Корея Южная",
    "region": "азия"
  },
  {
    "name": "Косово",
    "region": "европа"
  },
  {
    "name": "Коста-Рика",
    "region": "америка"
  },
  {
    "name": "Кот-д'Ивуар",
    "region": "азия"
  },
  {
    "name": "Куба",
    "region": "острова"
  },
  {
    "name": "Кувейт",
    "region": "азия"
  },
  {
    "name": "Лаос",
    "region": "азия"
  },
  {
    "name": "Латвия",
    "region": "европа"
  },
  {
    "name": "Лесото",
    "region": "азия"
  },
  {
    "name": "Либерия",
    "region": "азия"
  },
  {
    "name": "Ливан",
    "region": "азия"
  },
  {
    "name": "Ливия",
    "region": "азия"
  },
  {
    "name": "Литва",
    "region": "европа"
  },
  {
    "name": "Лихтенштейн",
    "region": "европа"
  },
  {
    "name": "Люксембург",
    "region": "европа"
  },
  {
    "name": "Маврикий",
    "region": "острова"
  },
  {
    "name": "Мавритания",
    "region": "азия"
  },
  {
    "name": "Мадагаскар",
    "region": "острова"
  },
  {
    "name": "Малави",
    "region": "азия"
  },
  {
    "name": "Малайзия",
    "region": "азия"
  },
  {
    "name": "Мали",
    "region": "азия"
  },
  {
    "name": "Мальдивы",
    "region": "острова"
  },
  {
    "name": "Мальта",
    "region": "острова"
  },
  {
    "name": "Марокко",
    "region": "азия"
  },
  {
    "name": "Мексика",
    "region": "америка"
  },
  {
    "name": "Мозамбик",
    "region": "азия"
  },
  {
    "name": "Молдавия",
    "region": "европа"
  },
  {
    "name": "Монако",
    "region": "европа"
  },
  {
    "name": "Монголия",
    "region": "азия"
  },
  {
    "name": "Намибия",
    "region": "азия"
  },
  {
    "name": "Науру",
    "region": "острова"
  },
  {
    "name": "Непал",
    "region": "азия"
  },
  {
    "name": "Нигер",
    "region": "азия"
  },
  {
    "name": "Нигерия",
    "region": "азия"
  },
  {
    "name": "Нидерланды",
    "region": "европа"
  },
  {
    "name": "Никарагуа",
    "region": "америка"
  },
  {
    "name": "Новая Зеландия",
    "region": "острова"
  },
  {
    "name": "Норвегия",
    "region": "европа"
  },
  {
    "name": "ОАЭ",
    "region": "азия"
  },
  {
    "name": "Оман",
    "region": "азия"
  },
  {
    "name": "Пакистан",
    "region": "азия"
  },
  {
    "name": "Палау",
    "region": "острова"
  },
  {
    "name": "Панама",
    "region": "америка"
  },
  {
    "name": "Папуа - Новая Гвинея",
    "region": "острова"
  },
  {
    "name": "Парагвай",
    "region": "америка"
  },
  {
    "name": "Перу",
    "region": "америка"
  },
  {
    "name": "Польша",
    "region": "европа"
  },
  {
    "name": "Португалия",
    "region": "европа"
  },
  {
    "name": "Руанда",
    "region": "азия"
  },
  {
    "name": "Румыния",
    "region": "европа"
  },
  {
    "name": "Россия",
    "region": "европа"
  },
  {
    "name": "Сальвадор",
    "region": "америка"
  },
  {
    "name": "Самоа",
    "region": "острова"
  },
  {
    "name": "Сан-Марино",
    "region": "европа"
  },
  {
    "name": "Саудовская Аравия",
    "region": "азия"
  },
  {
    "name": "Сейшелы",
    "region": "острова"
  },
  {
    "name": "Сенегал",
    "region": "азия"
  },
  {
    "name": "Сербия",
    "region": "европа"
  },
  {
    "name": "Сингапур",
    "region": "азия"
  },
  {
    "name": "Сирия",
    "region": "азия"
  },
  {
    "name": "Словакия",
    "region": "европа"
  },
  {
    "name": "Словения",
    "region": "европа"
  },
  {
    "name": "США",
    "region": "америка"
  },
  {
    "name": "Соломоновы Острова",
    "region": "острова"
  },
  {
    "name": "Сомали",
    "region": "азия"
  },
  {
    "name": "Судан",
    "region": "азия"
  },
  {
    "name": "Суринам",
    "region": "америка"
  },
  {
    "name": "Сьерра-Леоне",
    "region": "азия"
  },
  {
    "name": "Таджикистан",
    "region": "азия"
  },
  {
    "name": "Таиланд",
    "region": "азия"
  },
  {
    "name": "Танзания",
    "region": "азия"
  },
  {
    "name": "Того",
    "region": "азия"
  },
  {
    "name": "Тонга",
    "region": "острова"
  },
  {
    "name": "Тринидад и Тобаго",
    "region": "острова"
  },
  {
    "name": "Тувалу",
    "region": "острова"
  },
  {
    "name": "Тунис",
    "region": "азия"
  },
  {
    "name": "Туркмения",
    "region": "азия"
  },
  {
    "name": "Турция",
    "region": "азия"
  },
  {
    "name": "Уганда",
    "region": "азия"
  },
  {
    "name": "Узбекистан",
    "region": "азия"
  },
  {
    "name": "Украина",
    "region": "европа"
  },
  {
    "name": "Уругвай",
    "region": "америка"
  },
  {
    "name": "Фиджи",
    "region": "острова"
  },
  {
    "name": "Филиппины",
    "region": "острова"
  },
  {
    "name": "Финляндия",
    "region": "европа"
  },
  {
    "name": "Франция",
    "region": "европа"
  },
  {
    "name": "Хорватия",
    "region": "европа"
  },
  {
    "name": "Чад",
    "region": "азия"
  },
  {
    "name": "Черногория",
    "region": "европа"
  },
  {
    "name": "Чехия",
    "region": "европа"
  },
  {
    "name": "Чили",
    "region": "америка"
  },
  {
    "name": "Швейцария",
    "region": "европа"
  },
  {
    "name": "Швеция",
    "region": "европа"
  },
  {
    "name": "Шри-Ланка",
    "region": "азия"
  },
  {
    "name": "Эквадор",
    "region": "америка"
  },
  {
    "name": "Эритрея",
    "region": "азия"
  },
  {
    "name": "Эсватини",
    "region": "азия"
  },
  {
    "name": "Эстония",
    "region": "европа"
  },
  {
    "name": "Эфиопия",
    "region": "азия"
  },
  {
    "name": "ЮАР",
    "region": "азия"
  },
  {
    "name": "Южный Судан",
    "region": "азия"
  },
  {
    "name": "Ямайка",
    "region": "острова"
  },
  {
    "name": "Япония",
    "region": "азия"
  }
]
